Abort_rank3,Abortion_rank12,Adv_or_more,BA_or_more,Cig_tax12,Cig_tax12_3,Conserv_advantage,Conserv_public,Dem_advantage,Govt_worker,Gun_rank11,Gun_rank3,Gun_scale11,HR_cons_rank11,HR_conserv11,HR_lib_rank11,HR_liberal11,HS_or_more,Obama2012,Obama_win12,Pop2000,Pop2010,Pop2010_hun_thou,Popchng0010,PopchngPct,Pot_policy,ProChoice,ProLife,Relig_Cath,Relig_Prot,Relig_high,Relig_low,Religiosity3,Romney2012,Smokers12,StateID,TO_0812,Uninsured_pct,abort_rate05,abort_rate08,abortlaw10,abortlaw2017,abortlaw3,alcohol,attend_pct,ba_or_more_2015,battle04,biz_tax_rank,biz_tax_score,black_legis_2015,blackpct_2016,blkleg,blkpct04,blkpct08,blkpct10,bush00,bush04,carfatal,carfatal07,cig_tax,cig_tax_3,cigarettes,citizen_ideology,clinton16,clinton16_ev,college,conpct_m,cons_hr06,cons_hr09,cook_index,cook_index3,corrections_incarc_rate,corrections_total_rate,crime_rate_burglary,crime_rate_murder,crime_rate_property,crime_rate_violent,deathpen_executions,deathpen_exonerations,defexpen,demHR11,dem_hr09,demnat06,dempct_m,demstate06,demstate09,demstate13,demstate_2017,density,division,drug_death_rate,earmarks_pcap,evm,evo,evo2012,evr2012,gay_policy,gay_policy2,gay_policy_con,gay_support,gay_support3,gb_win00,gb_win04,gini_2016,gini_rank_2016,gore00,gun_check,gun_dealer,gun_murder10,gun_rank2015,gun_rank_rev,gunlaw_rank,gunlaw_rank3_rev,gunlaw_scale,gunlaw_scale2015,hispanic04,hispanic08,hispanic10,hispanic_legis_2015,hispanicpct_2016,hs_or_more_2015,hs_yrs_ss,indpct_m,infant_mortality,judge_selection,kerry04,legalclimate,legalclimate_rank,legis_prof_rank,legis_prof_score,lgbtq_equality_laws,libpct_m,mccain08,medicaid_expansion,min_wage,modpct_m,nader00,obama08,obama_win08,obesity_percent,opioid_rx_rate,over64,over64_2016,permit,polarization_house,polarization_senate,policy_innovation_rate,pop2016,pop_18_24,pop_18_24_10,pot_policy2017,prcapinc,preg_teen_rate,preg_uninten_rate,prochoice_percent,region,relig_import,relig_import_2016,religiosity,reppct_m,rtw,schools_avg_salary,schools_spend,schools_st_ratio,secularism,secularism3,seniority_sen2,south,state,state_govt_rank,suicide_rate,term_limits,to_0004,to_0408,trnout00,trnout04,trump16,trump16_ev,unemploy,unemploy2016,uninsured_pct_2015,union04,union07,union10,union_2016,urban,vep00_turnout,vep04_turnout,vep08_turnout,vep12_turnout,vep14_turnout,vep16_turnout,volunteer_hrs_pc,volunteer_rate,voter_id_law,whitepct_2016,womleg_2007,womleg_2010,womleg_2011,womleg_2017
2,20,7.7,22,.425,1,36,44.7,-14.6,17.5,17,2,14,151.7142857,65.61904762,277.5714286,34.38095238,82.1,38.36,0,4447100,4779736,47.79736,332636,7.5,2,36,54.00,6.6,79.3,55.7,14.3,3,60.55,25.00,"AL",-2.9,18.8,11.9,12,8,7,2,2.01,52,24.2,0,32,4.91,24,26.8,25,26.4,26.4,26.8,56.48375535,62.46,24.9,25.9,.425,1,9.41,35.7853,34.36,0,21.1,40.6779661,77.71428571,72,-13.2,1,880,2210,819,5.7,3177.6,427.4,60,6,1757,14.28571429,42.85714286,22.22222222,38.87627696,60.71428571,57.85714286,35.71428571,29.3,94.4,6,15.7,38.9,9,0,0,9,4,1,1,44,1,1,1,.481,41,41.56650295,9024.68,47.3666328,2.8,2,30,19,2,15,-30,2.2,2.9,3.9,0,4,84.9,4,29.96594779,8.7,5,36.84,55.1,46,34,.175,3,16.82808717,60.32,0,0,42.49394673,1.099640395,38.74,0,35.6,121,13.2,15.68,27.6,1.382,1.762,.02692,48.633,10.00438789,10.0209205,3,27795,59,48,63,3,58.47953216,45,-13,31.15777526,1,48518,9663,15.9,13,1,0,1,"Alabama",42,14.7,0,4.2,4.6,50.59,54.79,62.08,9,5.8,5.9,10.1,9.7,9.5,10.9,8.1,55.4,51.6,57.2,61.8,58.9,33.2,59.3,30,23.37,3,68.5,12.9,12.9,13.6,15
3,35,9,26.6,2,3,21.3,43.1,-12.2,28,50,3,0,200,55.66666667,228,44.33333333,91.4,40.81,0,626932,710231,7.10231,83299,13.3,3,58,37.00,14.6,50,31.3,39.5,1,54.8,24.00,"AK",-9.4,21.8,13.6,12,5,5,1,3.02,22,29.7,0,3,7.29,0,3.5,2,3.6,4.3,4.7,58.62095532,61.07,17.4,15.2,2,3,6.22,60.2768,36.55,0,26.7,36.32478632,72,75,-13.4,1,730,1890,427.6,5.6,2760,635.8,0,0,3556,0,0,0,26.14107884,43.33333333,46.66666667,36.66666667,38.3,1.2,9,16,425.5,3,0,0,3,3,1,0,56,2,1,1,.432,2,27.66633982,12016.09,139.2504692,2.7,15,6,43,1,4,-18,4.9,6.1,5.5,3,7,92.6,3,43.56846473,6.1,1,35.52,68.1,12,8,.296,2,17.94871795,59.42,1,9.8,45.72649573,10.06688612,37.89,0,29.8,58.9,6.4,9.62,,1.31,1.55,.033038,7.41894,11.14457831,10.56338028,1,34454,59,54,37,4,,77,-177,30.29045643,0,67443,23005,13.8,177,3,1,0,"Alaska",41,22.2,0,-12.39,-.8,67.19,54.8,51.28,3,7.5,6.8,14.9,20.1,23.8,22.3,18.5,65.6,68.1,69.1,68.3,58.9,54.8,61.8,40.5,32.65,4,65.2,21.7,21.7,23.3,30
1,5,9.3,25.6,2,3,19.5,36,-3.5,15.5,50,3,0,155.5714286,62.5952381,269.8571429,37.4047619,84.2,44.45,0,5130632,6392017,63.92017,1261385,24.6,3,56,39.00,27.3,43.3,36.6,33.9,2,53.48,21.00,"AZ",-3.1,20.5,16,15.2,6,10,2,2.31,29,27.7,0,21,5.21,1,4.4,1,3.5,4.2,5,51.02113816,54.83,20.3,17.6,2,3,2.4,45.4442,45.13,0,24.3,33.33333333,69,49.5,-6.1,2,800,1980,647.1,4.7,3197.5,399.9,37,9,1771,28.57142857,62.5,20,31.93650794,44.44444444,41.11111111,41.11111111,42.2,56.3,8,19,20.9,10,0,0,11,3,1,0,58,2,1,1,.47,30,44.73458502,5313.86,45.44731342,3.6,6,13,36,1,6,-24,28,30.1,29.6,21,30.7,86.1,3,29.71428571,5.7,1,44.37,65.4,25,14,.264,2,19.23583663,53.39,1,10,47.43083004,2.979407526,44.91,0,28.4,70.2,12.7,16.4,46.2,2.729,2.428,.061116,69.3107,9.614413201,9.903003755,2,28442,56,49,38,4,33.2,70,-140,38.34920635,1,47218,8296,23.8,140,3,0,0,"Arizona",26,18.7,1,-2.32,1.9,44.64,42.32,48.67,11,5.1,5,10.8,6.3,8.8,6.5,4.5,88.2,45.6,54.1,56,52.9,34.1,56.2,33.7,23.28,2,77.4,34.4,31.1,34.4,40
1,4,6.1,18.9,1.15,2,26.7,45.2,-1.4,17.6,39,3,4,132.5,69.33333333,295.25,30.66666667,82.4,36.88,0,2673400,2915918,29.15918,242518,9.1,0,40,55.00,5.9,78.6,52.3,18.7,3,60.57,26.00,"AR",-2.9,21.9,8.3,8.7,9,10,3,1.83,50,21.8,0,38,4.6,11,15.8,11,15.8,15.8,16.1,51.3071977,54.31,25.6,23.7,.59,1,8.51,29.7749,33.65,0,19.1,38.87755102,56.25,28.5,-8.8,1,800,2450,835.7,5.6,3338,480.1,31,0,530,25,75,83.33333333,43.06358382,75.55555556,72.59259259,46.66666667,24.4,56,7,13.8,26.7,6,0,0,6,4,1,1,44,1,1,1,.477,35,45.86425626,8443.07,67.42302081,3.2,1,13,36,1,6,-39,4.4,5.6,6.4,0,7,85.4,3,35.9344894,7.6,4,44.55,57.7,41,24,.207,3,16.83673469,58.72,1,8.5,44.28571429,1.455985749,38.86,0,34.5,114.6,13.8,16.05,21.1,.964,.794,.042461,29.8825,10.07556675,9.739368999,2,25725,69,50,49,3,53.13432836,53,-23,21.00192678,1,48218,10385,15.3,23,1,0,1,"Arkansas",29,17.5,1,3.31,-.2,46.93,50.24,60.57,6,5.9,4,9.5,4.8,5.4,4.2,3.9,52.5,47.9,53.6,53.4,50.5,40.3,53.1,23.7,20.56,3,77.5,20.7,23,22.2,18.5
3,49,10.7,29.9,.87,2,6.3,30.8,14.9,14.9,1,1,81,274.2884615,54.78930818,152.4038462,81.02201258,80.6,60.19,1,33871648,37253956,372.53956,3382308,10,4,65,28.00,31.9,37.8,34.5,36.6,1,37.09,15.00,"CA",-6.5,23.2,27.1,27.6,4,3,1,2.33,33,32.3,0,48,3.76,9,5.8,5,6.8,6.7,7.2,41.65136766,44.36,12.1,11.7,.87,2,3.69,57.3584,61.73,55,29.1,28.46612466,37.33962264,35.09,7.4,3,510,1400,522.3,4.4,2441.1,396.1,13,3,1106,64.1509434,64.1509434,63.63636364,41.29714049,60.83333333,64.16666667,66.66666667,67.5,239.1,9,11.3,12.5,0,55,55,0,2,0,0,64,3,0,0,.488,47,53.44957111,3040.22,21.60307485,3.4,50,48,1,3,79,76,34.7,36.6,37.6,19,38.8,82.2,3,25.82884376,4.5,2,54.31,49.9,47,1,.629,132,24.20596206,36.91,1,10.5,47.32791328,3.818279211,60.94,1,24.2,44.8,10.7,13.26,52.8,3.081,3.174,.100244,392.5,9.952396767,10.53041284,1,35019,54,50,57,4,28.78619154,49,-147,32.87401575,0,77179,11777,22.5,147,3,0,0,"California",44,11.1,1,6.63,2.9,54.61,61.24,31.62,0,6.2,5.3,8.6,16.5,16.7,17.2,15.9,94.4,55.7,58.8,61.7,55.2,30.7,58.4,31.2,23.89,5,60.9,28.3,27.5,28.3,21.7
2,25,12.7,35.9,.84,2,15.7,36.9,-2.4,15.7,15,1,15,161.5714286,59.16666667,265.8571429,40.83333333,89.3,51.45,1,4301261,5029196,50.29196,727935,16.9,4,61,34.00,21.9,46.1,33.5,39.3,1,46.09,20.00,"CO",.5,17.1,16.1,15.7,4,2,1,2.68,29,39.2,1,16,5.38,3,4.1,4,4.1,4.3,5,50.75021477,51.71,17.3,12.3,.84,2,5.86,48.5148,48.16,9,34.7,32.3859881,63.42857143,30.29,-.2,2,580,2180,438.2,2.8,2530.1,309.1,1,0,1139,42.85714286,71.42857143,44.44,29.67781908,59,59,55,54,48.5,8,15.4,22.5,0,9,9,0,2,0,0,61,3,1,1,.458,19,42.39350901,8248.59,52.21510556,1.3,38,32,17,3,16,22,19.1,20.2,20.7,9,21.3,91.2,0,37.73234201,4.9,1,47.04,67.8,16,12,.268,20,21.67878387,44.71,1,9.3,45.93522802,5.25069945,53.66,1,20.2,59.8,9.8,13.04,46.3,2.928,2.893,.05807,55.4054,9.796355841,9.703718433,1,36063,47,42,59,4,26.08695652,47,-163,32.58983891,0,46155,11895,16.4,163,3,0,0,"Colorado",13,20.3,1,.82,3.1,57.55,58.37,43.25,0,5.4,3.2,8.1,8.4,8.7,7,9.8,84.5,57.5,66.7,69.8,70.3,54.7,72.1,34.7,29.32,4,84.4,35,37,41,38
3,45,15.5,35.6,3.4,3,1.8,27.4,17,15.9,5,1,58,338.2,20.7,91,79.3,88.6,58.06,1,3405565,3574097,35.74097,168532,4.9,4,68,26.00,41.5,32.1,30.5,40.4,1,40.72,18.00,"CT",-6.3,9.9,23.6,24.6,4,3,1,2.34,30,38.3,0,43,4.34,7,10.6,7,10.1,10.3,11.3,38.44360323,43.95,10.1,8.7,2,3,5.47,91.8518,54.57,7,34.6,27.27272727,31.2,1.6,7.1,3,440,1700,332.4,2.4,1920.4,236.9,1,0,2453,100,100,57.14285714,33.00970874,70.05347594,73.79679144,64.70588235,51.9,738.1,1,22.1,14.8,0,7,7,0,1,0,0,65,3,0,0,.492,49,55.90962813,6644.92,48.45979278,2.7,49,46,3,3,54,73,10.6,12,13.4,7,15.4,90.2,3,42.18887908,4.8,1,54.31,65.9,22,13,.267,15,22.17068646,38.22,1,10.1,50.55658627,4.415957246,60.59,1,25.3,55.9,13.5,15.74,45.3,1.269,1.446,.057836,35.7645,8.86039886,9.149412423,2,45398,38,46,67,1,35.02109705,43,-170,24.80141218,0,72013,21712,12.7,170,3,0,0,"Connecticut",20,10.1,0,4.47,2.2,60.86,65.33,40.93,0,4.9,4.7,6,15.3,15.6,17.3,17.5,87.7,61.9,65,67.2,60.9,42.5,65.4,28.5,28.23,4,76.5,28.3,31.6,29.9,27.8
2,30,11.4,28.7,1.6,2,6.3,32.3,15.9,16.1,18,2,13,273,35,156,65,87.4,58.61,1,783600,897934,8.97934,114334,14.6,3,63,31.00,25.6,52,35.2,33.7,2,39.98,21.00,"DE",-3.5,9.6,28.8,40,5,6,1,3.13,35,30.9,0,19,5.32,6,21.6,5,20.4,20.9,22.9,41.90438982,45.75,15,13.6,1.15,2,17.12,66.4166,53.09,3,27.6,30.15267176,52,56,7,3,700,2390,616.5,5.8,2982,489.1,16,1,690,100,0,66.66666667,37.94326241,50,64.51612903,64.51612903,58.1,460.8,5,22,25.7,0,3,3,0,3,1,0,60,2,0,0,.452,12,54.96212098,3421.63,36.7510307,4.2,42,38,11,3,22,41,5.8,6.8,8.2,3,9,88.9,3,36.87943262,6.5,1,53.35,76.5,1,27,.203,16,22.51908397,36.93,1,8.25,47.32824427,2.535544011,61.91,1,29.7,79.2,13.1,17,,1.16,.851,.059369,9.52065,9.952606635,10.13363029,2,35861,60,62,55,3,,52,-109,25.17730496,0,59960,17616,15.1,109,2,0,1,"Delaware",34,13.4,0,2.53,2,57.36,59.89,41.72,0,3.9,4.3,5.9,12.4,12,11.9,11.4,80.1,59,64.2,66.2,62.7,34.9,64.6,31.5,25.92,4,69.2,30.6,25.8,25.8,21
2,26,9,25.3,1.339,2,17.2,36.8,4.5,14.5,41,3,3,165.32,61.2,263.04,38.8,85.3,49.91,1,15982378,18801310,188.0131,2818932,17.6,1,58,36.00,25.4,51.2,37.6,30.7,2,49.03,21.00,"FL",-4,22.8,26.8,27.2,7,9,2,2.61,35,28.4,1,4,6.86,16,16.2,14,15.7,15.9,17,48.84682657,52.1,19.1,18.1,.339,1,6.71,44.9803,47.82,0,25.1,32.10124548,64.2,55.36,-1.8,2,750,1840,719.9,5.8,3415.5,540.5,93,27,938,24,40,29.63,37.4786081,34.375,36.25,37.5,35,350.6,5,16.2,14.6,0,27,29,0,4,1,1,57,2,1,1,.487,46,48.8378212,4437.56,37.39633036,3.8,9,13,36,1,6,-20.5,19,21,22.5,13,24.5,87.6,3,28.04715725,6.1,1,47.09,56,44,15,.245,4,20.59059863,48.1,0,8.1,47.30815589,1.634851613,50.91,1,26.8,66.6,16.8,19.46,37.8,1.746,1.557,.059859,206.124,8.707138842,9.254826871,2,31455,56,58,56,3,42.42021277,54,-84,34.47423465,1,49199,9321,16.1,84,2,0,1,"Florida",9,14.6,1,8.43,3.1,53.36,61.79,49.02,29,4.6,4.9,13.3,6,5.9,5.8,5.6,89.3,55.9,64.4,67.5,63.5,43.3,65.7,28.8,19.11,3,75.8,23.8,23.1,25.6,25
1,9,9.9,27.5,.37,1,25.8,41.8,-4.7,17.8,22,2,8,180.0769231,57.8974359,247.4615385,42.1025641,83.9,45.43,0,8186453,9687653,96.87653,1501200,18.3,0,52,43.00,10.6,70.3,47.9,20.3,3,53.24,21.00,"GA",-3,22.5,16.3,19.2,9,9,3,1.97,45,29.9,0,36,4.68,25,31.3,21,29.6,30,31.5,54.67181967,57.97,17.8,18.5,.37,1,8.22,42.223,45.64,0,25.7,38.11538462,69.61538462,57.62,-6.8,2,860,5260,756.9,5.7,3281.2,377.3,70,6,1037,38.46153846,46.15384615,40,38.33149577,40.6779661,41.10169492,33.05084746,33.9,168.4,5,12.7,14.8,15,0,0,16,4,1,1,51,1,1,1,.48,39,42.98476127,4805.70,37.35682936,3.9,16,16,33,2,7,-18,6.8,8,8.8,1,9.3,86.1,3,30.09922822,7.2,4,41.37,62.4,31,42,.149,3,17.61538462,52.1,0,5.15,44.26923077,.5172512057,46.9,0,30.7,77.8,9.6,12.75,27.8,1.744,1.843,.046823,103.104,9.941584922,10.01238646,3,30051,59,57,48,3,52.63908702,66,-39,31.569276,1,54190,9354,15.7,39,1,0,1,"Georgia",15,13.1,0,4.28,5.2,45.31,49.59,50.77,16,4.7,5.3,13.9,6.4,4.4,4.6,3.9,71.6,45.8,56.2,61.4,58.4,38.6,59.9,26,23,1,59.5,19.5,19.5,23.7,24.6
3,42,9.9,29.6,3.2,3,4.2,27.2,24,27.8,6,1,50,377.5,13.08333333,51,86.91666667,90.4,70.55,1,1211537,1360301,13.60301,148764,12.3,3,57,35.00,25.8,42.2,31.4,40.3,1,27.84,16.00,"HI",-6.3,10.5,21.8,22.6,2,4,1,2.58,35,31.4,0,26,5.13,1,2.1,1,2.2,3.1,2.9,37.4628687,45.26,9.7,10.3,1.8,3,5.71,78.2971,62.22,3,28.2,28.35249042,16.5,0,12.5,3,410,1970,547.9,1.8,3050,259.2,0,0,3566,100,100,100,40.4494382,82.89473684,89.47368421,89.47368421,93.4,211.8,9,11.3,231.7,0,4,4,0,2,0,0,62,3,0,0,.435,3,55.79166791,1281.19,20.95124535,.5,45,41,8,3,43,62,7.9,8.7,8.9,1,10.4,90.9,4,36.70411985,5.5,1,54.01,62.8,30,7,.321,18,26.43678161,26.58,1,9.25,45.21072797,5.876597699,71.85,1,22.7,41.9,13.6,16.57,,,1.967,.046029,14.2856,9.882352941,9.558823529,2,32160,61,61,66,4,,47,-101,22.84644195,0,57431,13734,16.8,101,2,0,0,"Hawaii",33,14.2,0,4.77,2.3,43.49,48.26,30.03,0,3.4,3,4,23.7,23.4,23.5,19.9,91.5,44.2,48.2,50.5,44.2,36.5,43,25.9,21.96,4,26,32.9,32.9,34.2,27.6
2,22,7.5,23.9,.57,1,30.1,47.5,-27.6,15.6,47,3,2,155.5,66.91666667,274,33.08333333,88.4,32.4,0,1293953,1567582,15.67582,273629,21.1,0,41,55.00,13.2,39.6,45.1,34,3,64.09,18.00,"ID",-3.7,17.2,6.1,6,9,8,3,2.68,45,26,0,20,5.22,1,.5,0,.6,.9,1,67.16963604,68.38,22.1,18.5,.57,1,6.71,24.316,27.49,0,24,34.65553236,86,64,-17.4,1,660,2930,393.3,2,1854.8,212.2,3,1,478,0,50,0,23.27416174,24.76190476,23.80952381,19.04761905,16.2,19,8,14.2,42.6,4,0,0,4,4,1,1,47,1,1,1,.453,16,27.63779826,8706.53,82.67510089,.8,36,13,36,1,6,8,8.9,10.2,11.2,0,12.1,90,5,35.10848126,5.6,4,30.26,70.5,6,35,.169,2,17.95407098,61.21,0,7.25,47.39039666,2.450455623,35.91,0,28.6,77.6,11.4,14.7,,1.918,2.004,.042461,16.8314,10.98670399,9.821428571,4,27098,41,38,52,4,,55,-75,41.617357,1,46122,6916,19.2,75,2,0,0,"Idaho",37,20.4,0,4.9,.1,55.61,60.51,59.26,4,5.3,3.8,11,5.8,5.3,6.3,6.1,66.4,57.2,63.2,63.3,59.6,39.8,60.9,43.5,34.08,3,91.5,22.9,24.8,26.7,30.5
3,36,11.7,30.6,1.98,3,10.5,32.4,16.7,14.1,9,1,35,245.4736842,44.44736842,182.7894737,55.55263158,86.4,57.55,1,12419293,12830632,128.30632,411339,3.3,1,58,33.00,29.4,47.9,38,32.2,2,40.69,21.00,"IL",-3.9,17.2,18.9,20.5,6,5,2,2.33,39,32.9,0,23,5.21,18,14.3,16,15.1,14.9,15.4,42.58474527,44.48,12.5,10.6,.98,2,5.43,51.9734,55.83,20,28.1,29.72837022,45.26315789,34.95,7.7,3,500,1670,388.2,5.3,2075.9,370,12,20,390,42.10526316,63.15789474,57.14,39.26247289,58.1920904,60.4519774,62.71186441,58.8,231.1,3,14.1,12,0,21,20,0,2,0,0,60,2,0,0,.482,42,54.59634851,8074.90,36.33492099,2.8,13,41,8,3,28,-19,14,15.2,15.8,7,16.9,88.6,2,32.99590263,6.3,5,54.82,48,48,9,.294,27,21.85613682,36.75,1,8.25,48.41549296,2.188028442,61.86,1,30.8,56.8,12,14.22,41,1.368,1.194,.073674,128.015,9.87228708,9.710856519,2,34351,51,49,45,2,34.18181818,51,-111,27.74162449,0,61342,15465,16.7,111,2,0,0,"Illinois",47,10.8,0,3.05,1.3,56.44,59.49,38.76,0,6.1,5.6,7.1,16.8,14.5,17.5,14.5,87.8,56.2,61.5,62.8,58.9,40.8,63.4,28.5,24.85,5,71.8,27.1,27.7,31.1,35
1,7,8.1,22.5,.995,2,23.4,41.1,-4.3,11.5,39,3,4,140.7777778,64.81481481,288,35.18518519,86.6,43.85,0,6080485,6483802,64.83802,403317,6.6,0,47,50.00,17.1,61.8,42.7,28.7,2,54.03,25.00,"IN",-4.3,16.7,8.6,8.3,10,12,3,2.06,44,24.9,0,8,5.96,8,9.1,7,8.8,9.1,10.1,56.6468816,59.94,15.6,14.8,.995,2,10.47,40.5552,37.91,0,21,37.61270932,71.44444444,51,-6.2,2,650,2500,559.3,5,2649.4,365.3,20,2,589,33.33333333,55.55555556,27.27,30.96405229,45.33333333,46,29.33333333,26,181,3,19.5,13.6,0,11,0,11,3,1,0,52,2,1,1,.452,12,41.01210293,7335.31,43.61638434,2.2,41,18,31,2,8,40.5,4.3,5.2,6,1,6.6,88.2,4,33.33333333,7.2,1,39.26,67.7,18,40,.156,2,17.56118506,48.84,1,7.25,44.82610562,.8425855112,49.87,1,31.3,83.9,12.4,14.58,22.1,1.422,1.272,.050761,66.3305,10.07653061,10.02467613,3,30094,49,43,56,2,40.625,51,-66,35.70261438,0,50715,7627,17.4,66,1,0,0,"Indiana",1,14.5,0,3.91,4.6,49.66,53.57,56.82,11,5.3,4.2,9.6,11.4,12,10.6,10.4,70.8,49.3,54.8,59.4,55.1,28.7,57.9,25.9,26.9,1,84,18.7,21.3,21.3,20
3,37,7.4,25.1,1.36,2,20.2,40.1,4.3,14,25,2,7,227.8,46.53333333,201.8,53.46666667,90.5,51.99,1,2926324,3046355,30.46355,120031,4.1,1,56,41.00,22.6,58.1,41.3,31.6,2,46.18,22.00,"IA",0,11.8,10.6,11.3,6,7,2,2.31,40,26.8,1,40,4.51,3,3.4,2,2.3,2.7,3.7,48.22064774,49.9,14.5,15,1.36,2,8.01,44.6906,41.74,0,22.5,35.64516129,71,35.2,1,2,410,1490,464.4,1.9,2093.8,273.5,0,0,342,60,166.6666667,28.57142857,30.84464555,56,58.66666667,48.66666667,40,54.5,4,10.3,29.5,0,7,6,0,1,0,0,56,2,0,1,.439,6,48.53564596,4848.42,66.80114432,.7,21,32,17,3,16,-14.5,3.5,4.2,5,0,5.6,91.7,3,40.57315234,4.5,1,49.23,72.2,4,17,.241,4,19.03225806,44.39,1,7.25,45.32258065,2.232808311,53.93,1,32.1,64,14.7,16.04,34.2,,,.047619,31.3469,10.65407957,10.04596192,3,30560,39,39,43,2,35.06493506,54,-115,28.58220211,1,54416,12552,14.4,115,2,0,0,"Iowa",10,13.2,0,6.78,0,61.25,68.03,51.15,6,4.6,3.8,5,10.5,10.5,11.1,8.9,61.1,63.2,69.9,69.9,69.9,50.3,69,30.9,32.52,5,90.5,22.7,23.3,20.7,22.7
1,11,10.2,29.5,.79,1,21.6,41.7,-16.3,17.2,39,3,4,43,85.375,385,14.625,89.7,37.99,0,2688418,2853118,28.53118,164700,6.1,0,50,45.00,20.3,61.4,45.1,26,3,59.71,19.00,"KS",-5.7,14.6,18.4,19.2,8,13,2,1.99,48,31.7,0,22,5.21,5,5.9,4,5.9,6.2,7.1,58.04155498,62,20.7,15.9,.79,2,7.13,34.2966,36.05,0,28.7,38.70402802,70.75,71,-11.5,1,570,1280,545,3.1,2735.2,348.6,0,0,925,0,25,16.66666667,29.34872218,35.15151515,34.54545455,26.66666667,29.7,34.9,4,11.8,24,6,0,0,6,4,1,1,52,2,1,1,.46,21,37.2383228,7394.44,64.42074951,2.2,22,16,33,2,7,-12,8.1,9.1,10.5,3,11.6,90.3,3,29.76092333,6.4,1,36.62,67.6,19,31,.181,1,15.32399299,56.5,0,7.25,45.97197898,3.365546932,41.57,0,34.2,76.9,13,14.63,28.6,1.642,1.67,.042208,29.0729,10.89253188,10.09463722,4,30811,48,43,49,2,43.64820847,55,-51,40.89035449,1,47755,10913,14.3,51,1,0,0,"Kansas",48,16.1,0,2.32,.9,56.2,58.52,56.65,6,5.5,4.3,9.1,8.4,7,6.2,8.6,71.4,55.6,61.6,62.5,56.8,43.3,59.7,34.8,33.13,1,84.7,29.1,29.7,27.3,28.5
1,17,8.5,21,.6,1,20,40.9,1.5,17.5,47,3,2,197.3333333,55.27777778,231.6666667,44.72222222,81.7,37.8,0,4041769,4339367,43.39367,297598,7.4,1,42,51.00,13.8,67.4,45.4,24.6,3,60.49,29.00,"KY",-2.6,19.8,4.4,5.1,7,9,2,1.94,47,23.3,0,34,4.88,5,8,4,7.5,7.7,8.7,56.50170608,59.55,22.6,20,.3,1,18.95,41.2756,32.68,0,18.7,35.59210526,75.33333333,62.67,-10.4,1,760,2340,526.7,3.6,2246.9,211.6,3,1,1285,33.33333333,33.33333333,12.5,48.35566382,55.79710145,57.97101449,50,34.1,109.9,6,29.9,33,8,0,0,8,3,1,0,46,1,1,1,.478,36,41.37439313,,54.24754348,2.7,8,1,48,1,2,-22,1.9,2.4,3.1,1,3.3,85.1,3,21.61997564,6.7,4,39.69,59,39,36,.162,4,19.07894737,57.37,1,7.25,45.32894737,1.501890639,41.15,0,34.6,97.2,12.5,15.23,17.7,,,.039763,44.3697,9.896956626,9.518322194,3,27709,59,40,36,3,57.14285714,63,-33,30.02436054,0,52134,13149,17,33,1,0,1,"Kentucky",35,16.4,0,5.7,-.8,52.95,58.65,62.52,8,5.2,4.8,6,9.6,9.1,8.6,11.1,55.8,52.2,58.7,57.9,55.3,44.9,59.7,24.6,23.5,4,87.4,12.3,15.9,18.1,16.7
1,1,6.9,21.4,.36,1,30.4,44.1,-1.3,19.9,47,3,2,126.2857143,69.61904762,302.2857143,30.38095238,82.2,40.58,0,4468976,4533372,45.33372,64396,1.4,0,36,57.00,28.8,56.2,53.3,17.1,3,57.78,26.00,"LA",-1.7,24,11.7,16.1,9,11,3,2.63,53,23.2,0,41,4.39,22,32.2,22,33,32,32.8,52.55106317,56.72,21.4,24,.36,1,8.16,42.1649,38.45,0,21.3,40.57971014,77.57142857,79.14,-9.7,1,1050,2450,824.5,10.3,3458.8,514.7,28,11,802,14.28571429,14.28571429,33.33,46.43719807,60.41666667,51.38888889,41.66666667,37.5,104.9,7,19,29.1,9,0,0,8,3,1,0,51,1,1,1,.491,48,44.87533245,7197.51,45.72755115,7.7,4,1,48,1,2,-27,2.8,3.4,4.2,1,4.9,84.6,3,24.87922705,8.1,5,42.22,46.5,49,29,.187,11,16.2055336,58.56,1,0,43.21475626,1.159512385,39.93,0,36.2,98.1,11.7,13.99,15.5,.9,.737,.053297,46.8167,11.11847922,10.47871167,3,27581,66,57,39,3,64.93506494,71,-16,28.68357488,1,49745,12192,16,16,1,1,1,"Louisiana",46,14.7,1,3.64,1,54.99,58.63,58.09,8,6,6.2,11.9,7.6,5.6,5.8,4.2,72.6,56.4,61.1,62.1,60.4,44.9,60.6,20.7,18.43,3,62.4,17.4,16,16,15.3
2,31,9.6,26.9,2,3,11.3,32.6,8.2,14.4,25,2,7,337.5,20.41666667,91.5,79.58333333,90.2,56.27,1,1274923,1328361,13.28361,53438,4.2,4,63,33.00,22.3,46,24.4,49.1,1,40.98,20.00,"ME",-3.3,14.8,10.5,11.2,4,5,1,2.48,23,30.1,0,30,4.96,1,1.1,0,.7,1,1.6,43.97185099,44.58,16.6,14.7,2,3,7.3,74.1973,47.83,3,25.9,32.8407225,10,4,5.5,3,300,760,378.2,1.6,1986.4,127.8,0,0,1389,100,100,50,23.70030581,57.52688172,62.3655914,58.06451613,49.5,43.1,1,21.2,27.9,0,4,4,0,1,0,0,62,3,0,0,.452,12,49.08601647,6913.33,68.95715848,.8,48,28,21,2,12,70,.9,1.3,1.3,0,1.5,91.7,2,45.41284404,6.9,2,53.57,68,14,41,.154,13,23.80952381,40.38,0,9,43.34975369,5.695923856,57.71,1,30,66.9,14.4,18.85,42.9,1.835,1.7,.051771,13.3148,9.379727685,8.734939759,1,30566,34,37,74,1,,33,-177,30.88685015,0,50498,9488,12.1,177,3,0,0,"Maine",39,16,1,-.88,-2.4,67.76,66.88,44.87,1,4.7,4,8.4,11.3,11.7,11.7,11.4,40.2,67.2,73.8,71.4,68.1,58.7,72.8,36.9,31.58,5,94.6,30.6,29,29.6,33.9
3,43,16,35.7,2,3,5.2,31.8,23.1,25.5,7,1,45,297.125,31.10416667,130.125,68.89583333,88.2,61.97,1,5296486,5773552,57.73552,477066,9,0,65,29.00,22.6,52.2,36.7,31.1,2,35.9,19.00,"MD",-1.5,12.3,31.5,29,3,5,1,2.21,37,38.8,0,42,4.36,23,29.5,22,29.1,29.4,30.9,40.1779825,42.93,13.2,12,1,2,5.09,60.8008,60.33,10,34.5,28.47184987,25,16,8.5,3,490,1740,468.7,6.1,2507.5,446.1,5,1,2071,75,87.5,80,50.71604938,73.93617021,72.87234043,70.74468085,66,594.8,5,20.9,26.1,0,10,10,0,2,0,0,61,3,0,0,.452,12,56.56841835,2366.03,48.1159605,5.1,44,44,5,3,53,56,5.4,6.7,8.2,3,9.5,89.6,3,23.50617284,6.6,1,55.91,63.9,28,10,.278,23,22.25201072,36.47,1,9.25,49.27613941,2.654580643,61.92,1,28.9,58.7,11.4,14.1,48.1,1.959,1.839,.056637,60.1645,9.303571429,9.646692068,2,39247,55,60,64,3,30.6122449,54,-91,25.77777778,0,66456,15779,14.6,91,2,0,1,"Maryland",18,10.1,0,2.46,4.8,54.55,57.01,33.91,0,4.2,4.2,6.6,10.9,12.9,12.6,11,86.1,55.5,62.9,67.7,66.2,42,67.2,32.8,27.92,5,56.5,33,30.9,30.9,31.9
3,40,16.4,38.2,2.51,3,-2.2,27.4,20,15.8,3,1,65,372.4,14.48333333,53,85.51666667,89,60.65,1,6349097,6547629,65.47629,198532,3.1,4,68,28.00,43,27.4,26.5,46.5,1,37.51,17.00,"MA",.1,4.5,19.9,18.3,6,5,2,2.47,30,41.5,0,27,5.13,3,7.3,3,6.8,7,7.8,32.50119128,36.78,8.8,6.7,1.51,3,4.48,79.2993,60.01,11,35.9,22.75419546,7.6,.8,11.7,3,300,1270,370.1,2,1857.1,391.4,0,3,1154,100,100,100,33.62546125,88,89,83.5,78,839.4,1,25.7,14.4,0,12,11,0,1,0,0,68,3,0,0,.485,45,59.80379462,3214.19,54.69155323,1.8,11,46,3,3,54,-20,7.7,8.6,9.6,3,11.2,90.2,3,50.78413284,4.3,2,61.94,67.8,17,2,.431,8,27.64067127,35.99,1,11,49.60513327,6.421199682,61.8,1,24.3,47.1,13.3,15.37,47.4,1.126,,.04947,68.1178,9.345210189,10.35430666,1,41801,33,40,64,1,21.13636364,34,-171,15.5904059,0,76981,19148,13.2,171,3,0,0,"Massachusetts",16,8.6,0,3.73,2,60.44,64.17,32.81,0,5.1,2.9,2.8,13.5,13.2,16.6,12.1,91.4,59.9,64.2,66.2,66.3,44.7,68.3,27.5,24.81,5,79.1,24.5,26,24,25.5
2,18,9.4,24.6,2,3,12.4,34.6,12.3,12.7,11,1,25,207.0666667,51.62222222,220.7333333,48.37777778,87.9,54.09,1,9938444,9883640,98.8364,-54804,-.6,3,55,42.00,23,53.7,36.5,33.6,2,44.61,24.00,"MI",-4.2,15.4,19.4,18.4,8,10,2,2.22,38,27.8,1,12,5.64,9,13.9,14,14.3,14.2,15.2,46.14621473,47.81,13.8,12,2,3,7.6,53.5881,47.27,0,24.3,32.63280794,52.73333333,41.87,3.8,3,580,2520,445.9,5.4,2043.9,427.3,0,0,343,40,53.33333333,47.05882353,35.59466364,50.67567568,56.75675676,42.56756757,39.2,174.8,3,20.4,10,0,17,16,0,3,1,0,57,2,0,0,.467,27,51.27979887,4354.72,42.66646701,4.2,33,38,11,3,22,3,3.7,4.1,4.4,3,4.9,90.1,3,34.57280727,6.8,4,51.23,65.5,24,5,.401,7,20.4028021,40.89,1,8.9,46.96438996,1.988540582,57.33,1,31.2,84.9,12.3,15.83,34.1,1.912,2.219,.045328,99.283,9.850805256,9.854309996,2,31954,47,49,54,2,33.78099174,53,-107,29.83252909,0,62028,16086,17.5,107,2,0,0,"Michigan",22,13.6,1,6.78,2.3,59.39,66.17,47.5,16,7,4.9,6.1,21.6,19.5,18.8,14.4,74.7,59.9,66.6,68.9,64.7,43.2,65.7,27.9,26.64,3,78.6,19.6,25,20.9,23.6
2,28,10.3,31.5,1.6,2,10.2,36.2,11.3,12.6,17,2,14,216.5,49.72916667,210,50.27083333,91.5,52.65,1,4919479,5303925,53.03925,384446,7.8,2,56,39.00,25.8,50.3,38.2,33.6,2,44.96,17.00,"MN",-2.5,11.5,12.7,12.7,8,8,2,2.59,38,34.7,1,46,4.19,1,5.8,1,4.1,4.6,6.2,45.50235065,47.61,14.8,11.7,1.49,3,6.63,51.1385,46.44,10,30.6,29.08715833,55.375,40,2.3,2,300,2210,380.7,1.6,2297.5,229.1,0,0,419,50,62.5,50,35.31998046,64.17910448,66.16915423,55.72139303,44.8,66.6,4,10.6,14.1,0,10,10,0,2,0,0,58,2,0,0,.449,11,47.90557206,8314.45,50.81142739,1,37,26,23,2,11,12.5,3.5,4.1,4.7,2,5.1,92.8,3.5,37.61602345,5,4,51.09,68,13,25,.204,4,21.29963899,43.82,1,7.75,49.61320268,5.19525892,54.06,1,26.1,46.9,12.1,14.66,32,2.093,,.056444,55.1995,10.34482759,9.483408748,2,35861,31,36,52,2,34.26086957,49,-120,27.06399609,0,56913,13043,15.1,120,2,0,0,"Minnesota",24,12.6,0,6.92,-.2,69.26,76.18,44.92,0,4.8,3.8,4.5,17.5,16.3,15.1,14.2,70.9,69.5,78.4,78.2,75.7,50.6,74.8,36.4,35.43,5,84.1,34.8,34.8,31.8,32.3
1,15,7.1,19.6,.68,1,32.8,47.9,-5.1,19.1,39,3,4,137.25,65.45833333,291.25,34.54166667,80.4,43.79,0,2844658,2967297,29.67297,122639,4.3,0,39,53.00,6.3,80.3,58.4,11.2,3,55.29,26.00,"MS",-1.3,21.7,4.9,4.6,7,9,2,2.24,60,20.8,0,28,5.13,28,37.7,26,36.8,37.2,37.6,57.6195151,59.44,30.6,31.6,.18,1,9.35,46.6365,40.11,0,18.7,46.82926829,67.5,48,-9.5,1,940,2400,813.3,8.6,2921.2,278.5,21,4,1265,25,75,33.33333333,40.29038113,56.89655172,58.04597701,45.40229885,38.5,63.2,6,12.3,92.8,6,0,0,6,4,1,1,45,1,1,1,.476,34,40.69810015,7491.57,47.8887014,4,24,7,42,1,5,-9,1.7,2.2,2.7,0,2.9,83.5,3,23.59346642,8.9,4,39.72,56.3,43,37,.161,1,14.73170732,56.18,0,0,38.43902439,.8169513893,43,0,35.6,105.6,12.2,14.74,33.8,1.316,1.475,.026889,29.8873,11.0578569,10.27974385,3,24650,70,57,45,3,,60,-4,36.11615245,0,42744,8551,15.4,4,1,1,1,"Mississippi",45,13,0,2.93,5.3,48.21,51.14,57.94,6,6.2,5.7,12.7,4.8,6.7,4.8,6.6,48.8,49.1,55.7,61,59.7,29,55.6,27.1,22.22,1,58.8,13.8,14.4,14.9,14.9
1,8,9.5,25.2,.17,1,20.6,42.9,-3.6,12.4,39,3,4,192.4444444,55,234.6666667,45,86.8,44.38,0,5595211,5988927,59.88927,393716,7,1,45,48.00,16.1,62.2,42.1,28.4,2,53.76,26.00,"MO",-5.6,16.4,6.9,6.3,9,11,3,2.42,43,27.8,0,15,5.45,9,11.7,9,11.5,11.5,12.5,50.42281596,53.3,21.4,17.6,.17,1,9.68,44.9613,38.14,0,24.1,36.24413146,56.22222222,53.44,-3.1,2,710,1740,581.5,6.6,2906.5,442.9,88,4,1401,33.33333333,44.44444444,27.27,36.27537511,42.63959391,43.14720812,31.97969543,27.4,87.1,4,17.9,27,11,0,0,10,4,1,1,52,2,1,1,.463,24,47.08427335,8570.87,100.7359081,5.4,12,6,43,1,4,-19.5,2.6,3.2,3.5,1,4,88.9,4,37.59929391,6.3,1,46.1,56.6,42,16,.243,1,18.21596244,49.37,0,7.7,45.5399061,1.632066213,49.24,0,32.4,80.4,13.3,15.63,37.8,,2.056,.045,60.93,10.15517241,9.834696944,3,30608,51,46,36,2,36.61971831,77,-70,26.12533098,0,47957,11163,12.2,70,1,0,0,"Missouri",14,16.7,1,6.77,2.8,57.39,64.16,56.77,10,5.7,4.7,9.8,12.4,10.7,9.4,9.7,69.4,58.2,65.3,68.1,62.5,33.6,62.3,30.1,27.51,4,82.4,19.3,22.3,22.8,22.3
3,41,8.3,27.4,1.7,2,26.7,45.2,-13.4,16.5,47,3,2,197,56.5,233,43.5,90.8,41.66,0,902195,989415,9.89415,87220,9.7,3,53,42.00,20,53.3,34,36.9,1,55.3,20.00,"MT",-3.7,16.9,11.7,12.3,6,5,2,2.99,31,30.6,0,6,6.27,0,.5,0,.4,.7,.8,58.43789614,59.07,28,27.6,1.7,3,7.31,49.5711,35.75,0,25.7,37.55980861,83,92,-7.1,2,540,1410,351.2,3.6,2472.9,323.7,3,0,606,0,0,33.33333333,28.69757174,50,48.66666667,40,39.3,6.8,8,13.8,73.3,3,0,0,3,3,1,0,56,2,1,1,.462,22,33.3642338,13589.34,146.9555242,1.2,5,18,31,2,8,-25,2.4,3,2.9,1,3.6,93.5,2,39.73509934,5.6,4,38.57,60.5,34,45,.116,2,18.42105263,49.49,1,8.15,44.01913876,5.945785492,47.11,0,23.6,69.8,13.7,17.32,,2.282,1.961,.041254,10.4252,10.57692308,9.605662285,2,26857,47,42,56,4,,48,-126,31.56732892,0,51034,12100,14.2,126,2,1,0,"Montana",28,24.3,1,-.12,1.9,61.16,61.04,56.17,3,4.9,4,11.6,11.7,13.5,13.9,11.9,54.1,61.6,64.4,66.3,62.6,47.5,64.3,30.1,31.58,4,88.9,25.3,26,24,28.7
1,6,8.8,27.4,.64,1,25.7,41.7,-16.9,13.8,29,2,5,141.3333333,68.05555556,288.3333333,31.94444444,89.8,38.03,0,1711263,1826341,18.26341,115078,6.7,2,49,47.00,25.3,56.4,44.2,28.5,3,59.8,21.00,"NE",-2.5,15.9,8.9,8.1,8,9,2,2.35,47,30.2,0,25,5.14,4,4.8,2,4.3,4.5,5.4,62.24536203,65.9,19.5,15.7,.64,1,5.31,34.5457,33.7,0,25.3,38.10709838,86.33333333,92,-13.5,1,450,1170,422.5,2.9,2523.5,280.4,3,1,632,0,0,20,29.03225806,,,0,,23.8,4,6.9,15.4,4,1,0,5,4,1,1,50,1,1,1,.447,10,33.25303901,4701.20,60.88676759,1.8,31,23,26,2,10,-2.5,6.9,7.9,9.2,0,10.4,91,3,27.07373272,5.2,1,32.68,73,3,21,.23,7,16.43835616,56.53,0,9,45.45454545,3.52070747,41.6,0,31.4,62.8,13.3,14.7,30.4,,1.234,.045564,19.0712,10.8584423,10.02190581,4,31339,39,41,49,2,30,65,-71,43.89400922,1,51386,10800,12.9,71,1,1,0,"Nebraska",17,13.6,1,1.07,-.3,56.95,58.02,58.75,5,3.8,3.4,8.2,8.3,7.8,9.2,7.4,69.8,56.9,62.9,62.6,60.1,41.4,63.8,40.5,33.73,5,88.2,18.4,20.4,22.4,26.5
3,39,7.6,21.8,.8,1,15.6,35.7,-2,14.2,29,2,5,242.5,44.41666667,186.5,55.58333333,83.9,52.36,1,1998257,2700551,27.00551,702294,35.1,4,64,32.00,26.3,42.1,31.4,40.2,1,45.68,24.00,"NV",-1.5,23.3,27,25.9,6,6,2,3.3,30,23.6,1,5,6.46,10,8.5,11,7.5,8.1,9.4,49.52214395,50.47,17.8,16,.8,2,6.63,46.7309,47.92,6,19.5,32.58845438,61.33333333,32,1.3,2,650,1310,772.3,6,2625.4,635.6,12,1,611,50,66.66666667,40,32.68892794,58.73015873,63.49206349,60.31746032,58.7,24.6,8,20.4,55.8,0,5,6,0,2,0,0,60,2,1,1,.455,17,45.97566383,5419.75,47.73100008,3.1,29,26,23,2,11,-3,22.8,25.7,26.5,14,28.1,85.6,3,30.40421793,5.5,4,47.88,60.4,35,30,.182,22,18.80819367,42.65,1,8.25,48.60335196,2.46448922,55.15,1,26.7,80.7,11.2,14.6,,1.528,1.341,.046305,29.4006,8.695652174,9.218807849,1,33405,62,54,47,4,,53,-139,36.90685413,1,56943,8432,25.7,139,3,0,0,"Nevada",49,20.5,1,8.45,3.3,45.34,53.79,45.5,0,4.2,5.2,12.3,12.5,15.4,15.7,12.1,91.5,45.2,55.3,58.6,57.1,29.6,57.3,25.8,19.61,5,67.5,30.2,31.7,28.6,39.7
2,32,11.2,32,1.68,2,11,36.9,.4,13,27,2,6,132,66.83333333,297.5,33.16666667,91.3,51.98,1,1235786,1316470,13.1647,80684,6.5,1,67,29.00,32.8,33.8,23.4,49.8,1,46.4,17.00,"NH",-1.2,13.6,11.7,12.3,1,2,1,4.38,23,35.7,1,7,6.11,1,1.6,1,.9,1.2,1.7,48.07030985,48.88,9.8,10.3,1.08,2,14.18,50.6766,46.98,4,30.3,29.65517241,64,2,1.6,2,340,820,313.7,.9,1962.7,196.1,0,0,642,0,100,0,23.95833333,59.66981132,56.36792453,54.71698113,42.5,147,1,34.3,47.2,0,4,4,0,1,0,0,63,3,1,0,.435,3,46.80317916,9736.49,83.404863,.4,34,26,23,2,11,3,2.1,2.6,2.8,0,3.3,93.1,2.5,48.33333333,5,2,50.25,70.7,5,50,.048,8,24.13793103,44.52,1,0,46.20689655,3.900674948,54.13,1,26.3,64.3,12.1,16.41,45.7,1.615,1.729,.038835,13.3479,9.312977099,9.346504559,2,37040,26,32,50,1,25.61983471,54,-180,27.70833333,0,56616,16779,12.5,180,3,0,0,"NewHampshire",30,18.2,0,8.86,.4,62.74,71.6,46.61,0,3.7,2.7,6.3,9.9,9.7,10.8,9.4,59.3,63.9,70.9,71.3,70.1,48.3,72.5,34.6,28.55,4,93.6,35.8,37.5,24.5,29.5
3,46,12.9,34.5,2.7,3,5.5,29.6,13.1,16.5,2,1,72,277.9230769,36.52564103,148.8461538,63.47435897,87.4,58.25,1,8414350,8791894,87.91894,377544,4.5,3,63,31.00,42.3,33,34.7,34.6,1,40.5,18.00,"NJ",-4.3,15.2,34.3,31.3,5,4,1,2.35,36,37.6,0,50,3.41,14,13.4,13,14.5,14.5,14.8,40.29124386,46.24,9.1,8.2,2.58,3,4.89,59.6529,54.99,14,32.1,30.56027165,36.69230769,28.92,4.4,3,380,2040,354.8,3.9,1734.1,261.2,0,0,617,53.84615385,69.23076923,66.67,40.46052632,59.16666667,59.16666667,60,63.3,1195.5,2,16.3,15,0,15,14,0,2,0,0,64,3,0,0,.483,44,56.12560892,976.48,5.914539006,2.8,27,47,2,3,63,-7,14.9,16.3,17.7,9,19.7,89.1,3,30.09868421,4.4,2,52.92,59.3,38,20,.233,12,21.73174873,41.61,1,8.44,47.70797963,2.966655016,57.14,1,25.6,52.6,12.9,14.99,49.9,1.05,1.002,.072448,89.4447,8.534067447,8.723839854,2,41332,47,56,66,1,29.41176471,33,-131,29.44078947,0,69330,20322,11.9,131,3,0,0,"NewJersey",50,8.6,0,3.49,2.4,56.43,59.92,41,0,4.8,5,8.7,19.8,19.2,19.3,16.1,94.4,56.9,63.8,66.2,61.9,32.5,65.5,30.5,21.84,5,67.7,19.2,28.3,28.3,30.8
3,38,10.4,25.3,1.66,2,15.5,37.1,7,21.8,39,3,4,214,47.27777778,215,52.72222222,82.8,52.99,1,1819046,2059179,20.59179,240133,13.2,3,56,39.00,30.7,42.4,43.2,29.8,2,42.84,20.00,"NM",-5.6,20.1,15.7,15.5,3,4,1,2.42,34,26.5,1,35,4.85,1,2.3,2,2.4,3,2.8,47.8474119,49.84,22.8,19.2,.91,2,4.92,56.4009,48.26,5,23.8,26.09223301,54.33333333,10.67,2.4,2,720,1200,887.3,4.8,3542.3,597.4,1,4,1151,66.66666667,100,40,36.21027854,58.92857143,64.28571429,56.25,57.1,17,8,25.3,64.5,0,5,5,0,2,0,0,59,2,0,1,.48,39,47.90855405,6964.86,52.59377645,3.3,47,13,36,1,6,69,43.3,44.9,46.3,37,48,84.6,3.5,36.91643782,5.4,5,49.05,55.2,45,43,.14,11,24.39320388,41.78,1,7.5,49.51456311,3.550087286,56.91,1,28.8,65.1,12.1,15.85,39.6,2.108,1.818,.048976,20.8102,10.6846473,9.907722195,2,26191,72,56,61,4,35.06493506,55,-115,26.87328364,0,47163,11816,15.5,115,2,0,0,"NewMexico",43,21.7,0,6.41,1.3,48.24,54.65,40.04,0,5.6,6.7,10.9,6.7,7.7,6.7,6.3,75,48.5,59,60.3,54.7,35.4,55.2,34.2,23.62,5,73.4,30.4,30.4,26.8,30.4
3,48,14,32.4,4.35,3,4,29.3,22.1,17.6,4,1,62,308.7037037,63.29166667,119.1481481,104.4940476,84.7,63.33,1,18976457,19378102,193.78102,401645,2.1,2,66,27.00,37.3,32.5,31.5,38.5,1,35.19,19.00,"NY",-4.8,13,38.2,37.6,3,3,1,2.06,32,35,0,49,3.61,15,15.6,14,17.5,17.3,17.2,35.22976183,40.08,8.8,7.4,1.5,3,3.34,67.6557,59.01,29,29.8,28.66383293,28.06896552,8.72,10.2,3,380,1090,257.2,3.1,1718.2,381.8,0,0,328,71.42857143,93.10344828,70.97,41.29213483,64.62264151,66.50943396,63.84976526,65.3,411.2,2,13.6,12.8,0,31,29,0,2,0,0,66,3,0,0,.514,50,60.21251249,1747.43,20.41995651,2.7,14,43,6,3,51,-19,16,16.7,17.6,8,18.8,86,4,30.33707865,4.8,1,58.37,66.3,21,3,.43,23,26.42764738,36.03,1,9.7,44.90851968,3.577104013,62.88,1,25,42.7,13,14.97,49,1.322,1.566,.051813,197.453,9.478057647,10.2384147,2,38228,58,61,51,1,29.39271255,57,-151,28.37078652,0,79152,23384,12.7,151,3,0,0,"NewYork",23,8.4,0,.08,0,54.73,54.81,36.52,0,5.8,5.1,7.1,25.3,25.2,25.2,23.6,87.5,55.1,58,58,53.2,29,57.3,35.3,19.25,5,63.8,24.1,24.5,21.2,27.7
2,27,8.8,26.5,.45,1,20.9,40,2.9,18.1,12,1,16,202.4615385,51.47435897,226.6153846,48.52564103,84.3,48.35,0,8049313,9535483,95.35483,1486170,18.5,2,47,44.00,10.7,70.7,49.5,20.8,3,50.39,23.00,"NC",-1.2,19.4,18.8,17.5,6,8,2,2.02,49,29.4,0,11,5.73,20,21.6,14,21.8,21.6,22.6,56.02941267,56.02,20.3,20,.35,1,8.5,43.6676,46.17,0,24.3,38.30976652,59.69230769,43.15,-4.3,2,530,1500,798.2,5.1,2873.1,329.5,43,9,893,53.84615385,61.53846154,40,40.89398973,57.64705882,57.64705882,35.88235294,35.9,196.1,5,15.8,13,0,15,0,15,4,1,1,50,1,1,1,.478,36,43.20092111,5131.43,45.93369838,3,10,36,13,3,20,-20.5,6.1,7.4,8.4,1,9.1,86.6,4,25.27937179,7,5,43.58,70.2,7,18,.238,0,18.11903979,49.38,0,7.25,43.57119369,,49.7,1,30.1,82.5,12.1,15.09,25.1,1.716,1.675,.060391,101.468,9.535874698,9.847928684,3,29246,53,49,62,3,56,49,-35,33.82663848,0,47941,9501,15.3,35,1,0,1,"NorthCarolina",4,13.6,0,4.85,8,49.62,54.47,49.83,15,5.4,5,11.2,2.7,3,3.1,3,60.2,50.7,57.8,65.8,64.6,41.2,65.2,30,25.8,5,69.1,25.9,26.5,22.4,25.3
1,12,6.7,25.8,.44,1,33.9,42.9,-18.5,18,47,3,2,150,68.16666667,278,31.83333333,90.1,38.7,0,642200,672591,6.72591,30391,4.7,0,47,47.00,23.8,58.3,41.6,29,2,58.32,17.00,"ND",-4.4,13.8,9.6,11.2,9,9,3,3.03,42,29.1,0,29,4.98,0,2.1,0,.7,1.1,1.6,60.65858126,62.86,17.5,17.5,.44,1,6.26,44.7005,27.23,0,25.1,42.94294294,38,8,-10.4,1,410,1320,366.1,3,2110.3,265.1,0,0,1123,0,100,100,29.25373134,38.29787234,40.42553191,25.53191489,15.6,9.7,4,8.6,68.3,3,0,0,3,4,1,1,51,1,1,1,.466,26,33.0553397,12617.92,93.07290761,.6,46,6,43,1,4,65.5,1.5,2.1,2,0,3.4,92.5,3,34.92537313,5.6,4,35.5,67.9,15,47,.112,3,13.81381381,53.07,1,7.25,43.24324324,3.290824822,44.47,0,31,47.8,14.7,14.18,,1.148,1.109,.029203,7.57952,12.08791209,12.03566122,2,31398,40,41,64,2,,46,-80,35.82089552,0,50472,8383,12.2,80,2,0,0,"NorthDakota",7,18.5,0,4.12,.2,60.43,64.55,62.96,3,3.4,2.9,7.8,7.7,6.4,6.8,5.5,55.9,60.3,64.8,65,60.6,45,61.9,27.4,30.68,2,88.2,17.7,16.3,14.9,18.4
1,16,8.8,24.1,1.25,2,18.1,37.9,5.5,13.4,25,2,7,167.8823529,59.39215686,260.7647059,40.60784314,87.6,50.58,1,11353140,11536504,115.36504,183364,1.6,2,52,42.00,20.9,56.7,38.2,30.8,2,47.6,26.00,"OH",-2.1,14.7,14.9,14.7,8,10,2,2.01,36,26.8,1,45,4.27,11,12.3,14,11.9,12,13.4,49.96770771,50.81,14,12.1,1.25,2,8.72,49.2576,43.56,0,22.9,33.62688297,59.55555556,44.28,-.7,2,610,2850,680,4,2799.1,284.9,54,9,593,29.41176471,55.55555556,30,35.70183086,43.93939394,49.24242424,37.12121212,31.8,282.3,3,29.9,12,0,20,18,0,3,1,0,56,2,1,1,.464,25,46.46073697,5454.12,41.13031123,2.7,28,29,20,2,13,-5,2.2,2.6,3.1,2,3.5,89.7,3,33.04272014,7.1,4,48.71,64.2,27,6,.384,1,19.8377752,46.8,1,8.15,46.53534183,2.504687642,51.38,1,29.8,75.3,13.3,15.84,34.3,1.621,1.943,.056022,116.144,9.839497558,9.525873277,2,31322,49,49,48,2,33.7962963,58,-96,31.255449,0,56441,11272,16,96,2,0,0,"Ohio",12,12.8,1,8.18,-.1,56.38,64.56,51.69,18,6.3,4.9,6.5,15.2,14.1,14.2,12.4,77.4,56.7,66.8,66.7,64.6,36.2,64.2,29.4,26.61,2,82,16.7,22,22.7,22
1,2,7.4,22.7,1.03,2,29.5,45,-9.8,17,47,3,2,157.4,64.4,272.4,35.6,85.6,33.23,0,3450654,3751351,37.51351,300697,8.7,0,47,48.00,9.6,72.1,47.6,22.4,3,66.77,26.00,"OK",-7.5,21.4,9.5,9.9,10,13,3,1.95,50,24.6,0,31,4.95,2,7.3,3,7.7,8,8.7,60.30785211,65.57,21.9,20.4,1.03,2,10.04,23.9406,28.93,0,21.9,41.73778123,86.4,84.6,-16.9,1,1010,1860,760.9,4.5,2990.7,406,112,10,1135,20,20,14.28571429,46.98708752,45.63758389,40.93959732,27.51677852,22.1,54.7,7,19,22.2,7,0,0,7,4,1,1,43,1,1,1,.47,30,38.42690457,9809.16,62.7773834,3,17,1,48,1,2,-17,6.3,7.6,8.9,1,10.1,87.3,3,19.01004304,7.5,1,34.43,61,33,22,.229,3,13.65399535,65.65,0,7.25,44.60822343,,34.35,0,33.9,97.9,13.2,14.73,25.2,1.368,1.174,.045605,39.2356,10.85118377,10.15729139,3,28089,65,49,51,3,33.33333333,66,-37,34.00286944,1,45276,8710,16.3,37,1,0,1,"Oklahoma",31,19.3,1,7.3,-1.6,49.41,56.71,65.32,7,4.9,5.1,13.9,6.1,7.1,5.7,5.4,65.3,49.9,58.3,56.7,49.2,30,52.4,31.9,25.34,4,72.6,12.8,11.4,12.8,13.4
3,44,10.4,29.2,1.18,2,3.7,33.6,7.2,14.4,15,1,15,274.8,35.66666667,154.6,64.33333333,89.1,54.24,1,3421399,3831074,38.31074,409675,12,4,62,33.00,13.8,48.9,28.8,44.6,1,42.15,18.00,"OR",-4.6,17.6,17.7,17.3,1,2,1,2.59,32,32.2,1,10,5.78,2,1.9,3,1.8,2,2.6,46.51837587,47.19,13.1,13,1.18,2,5.01,55.1231,50.07,7,26.4,31.1327832,30.4,20,4,3,520,2040,434,2,2879,232.3,2,0,308,80,80,71.42857143,38.78136201,53.33333333,60,55.55555556,57.8,39.9,9,12,25.7,0,7,7,0,2,0,0,60,2,0,0,.462,22,46.95938898,6970.40,66.11722979,.9,32,35,14,3,18,0,9.5,11,11.7,3,12.7,90,3,30.10752688,5.1,4,51.35,61.2,32,23,.214,19,23.40585146,40.4,1,10.25,45.46136534,5.042934403,56.75,1,30.1,76.3,12.8,16.38,48.7,1.804,1.677,.069149,40.9347,9.612743752,9.37092143,1,29971,44,41,63,4,23.95833333,48,-156,31.11111111,0,60359,13230,20,156,3,1,0,"Oregon",27,19.3,0,10.96,-4.2,63,73.96,39.09,0,7.6,5,7,15.2,14.3,17,13.5,78.7,64.9,72,67.8,63.2,53.4,68.3,40.5,31.42,5,85.2,31.1,27.8,27.8,33.3
1,3,10.2,26.4,1.6,2,15.2,37.1,6.2,11.7,10,1,26,216.2631579,50.60526316,213,49.39473684,87.9,51.96,1,12281054,12702379,127.02379,421325,3.4,1,51,44.00,28,50.3,39.5,32.1,2,46.58,22.00,"PA",-4.8,11.9,13.8,17,8,9,2,2.19,39,29.7,1,24,5.18,8,11,7,10.5,10.8,11.9,46.42930489,48.42,14.1,12.5,1.35,2,7.31,52.2173,47.46,0,24.2,31.7057004,56.63157895,34.37,2,2,650,2920,357.5,4.8,1931.7,314.1,3,6,651,36.84210526,63.15789474,33.33333333,40.14522822,48.61660079,49.01185771,45.84980237,38.7,283.9,2,26.3,16.3,0,21,20,0,3,1,0,58,2,0,0,.469,29,50.59855053,7624.82,46.96757985,3.6,39,39,10,3,26,23,3.8,4.8,5.7,1,6.8,89.7,3,23.83817427,6.3,5,50.92,59.4,37,4,.417,16,19.50950066,44.15,1,7.25,48.78479894,2.10440659,54.47,1,30,69.5,15.3,17.04,35.4,1.331,1.312,.041021,127.842,9.533386967,9.927570461,2,33348,44,47,51,1,28.48722986,53,-100,36.01659751,0,65151,15860,14.6,100,2,1,0,"Pennsylvania",36,13.8,0,7.55,1.6,53.67,61.22,48.18,20,5.6,5.7,6.4,15,15.1,15,12.1,77.1,54.1,62.6,64.2,59.4,36.5,63.6,33.1,28.03,5,81.1,14.6,15.4,17.4,18.6
2,29,11.7,30.5,3.46,3,-.5,33.8,23.1,15.5,8,1,44,332,21.58333333,97.5,78.41666667,84.7,62.7,1,1048319,1052567,10.52567,4248,.4,3,63,32.00,44.1,31.1,29.1,43.8,1,35.24,20.00,"RI",-4.5,15.2,23.2,22.9,6,4,2,2.55,30,32.7,0,44,4.3,4,6.2,4,6.1,6.4,7.4,31.91179921,38.67,8.9,7.6,2.46,3,6.17,78.0734,54.41,4,29.1,23.07692308,13,2,11.2,3,310,2390,457.1,2.4,2173.6,219.2,0,0,1003,100,100,75,36.20178042,82.30088496,90.26548673,89.38053097,85,1018.1,1,28.2,30,0,4,4,0,2,0,0,66,3,0,0,.473,33,60.98770019,2284.89,50.35308916,1.5,43,42,7,3,47,55,10.3,11.6,12.4,3,14.4,87.7,3,49.55489614,5.5,1,59.42,64.6,26,28,.2,13,22.46153846,35.06,1,9.6,54.46153846,6.123506521,62.86,1,26,60.3,13.9,16.14,,.661,.534,.057307,10.5643,10.40892193,11.3960114,2,33733,41,43,63,1,,49,-170,14.24332344,0,66197,15119,15.1,170,,0,0,"RhodeIsland",38,10.2,0,.45,4,54.72,55.17,38.9,0,5.4,5.3,5.7,16.3,15,17.9,15.5,90.9,54.2,58.5,62.5,58,42.4,59.7,23.1,22.97,3,80.4,19.5,22.1,25.7,31
2,19,8.4,24.3,.57,1,26.6,45.1,-7.4,18,22,2,8,142.5,66.97222222,286,33.02777778,83.6,44.09,0,4012012,4625364,46.25364,613352,15.3,0,47,43.00,9.1,74.2,51.9,18,3,54.56,24.00,"SC",-2,20.5,7.9,8.1,10,10,3,2.37,54,26.8,0,37,4.66,23,27.5,19,29.4,28.5,28.8,56.84004753,57.98,24.9,24.2,.07,1,10.46,41.7807,40.67,0,23.2,38.52339181,68.5,64,-7.8,2,640,1420,759.9,6.4,3460.3,497.7,43,2,1027,16.66666667,33.33333333,25,33.69713506,41.76470588,42.35294118,37.64705882,35.9,153.9,5,15.7,30.1,8,0,0,9,4,1,1,49,1,1,1,.47,30,40.90215134,6667.76,44.6883748,4.5,19,22,27,2,9,-16,3.1,4.1,5.1,0,5.4,86.3,3,31.65075034,6.7,3,40.9,59.4,36,39,.156,1,17.03216374,53.87,0,0,44.44444444,1.460891853,44.9,0,31.7,89.4,12.4,16.22,33.8,1.431,1.32,.043588,49.6112,10.08225617,10.29189189,3,27172,59,46,42,3,53.125,70,-15,34.6521146,0,48769,12050,15.3,15,1,0,1,"SouthCarolina",32,15.6,0,4.16,5.6,46.68,50.84,54.94,9,6.9,4.4,10.9,3,4.1,4.5,1.6,60.5,47,53,58.6,56.6,35.2,57.3,32.1,22.65,4,67.2,8.8,10,9.4,14.1
1,13,7.3,25.1,1.53,2,21.7,42.7,-4.9,14.5,39,3,4,129,73,300,27,89.9,39.87,0,754844,814180,8.1418,59336,7.9,0,47,49.00,24.8,56.9,45.6,27.3,3,57.89,22.00,"SD",-4.4,14.4,5.1,5.6,9,10,3,2.62,42,27.5,0,2,7.49,0,1.5,0,.8,1.1,1.8,60.29677268,59.91,24.4,18.3,1.53,3,6.88,44.1776,31.74,0,23.1,39.15343915,60,20,-8.9,1,620,1740,330.3,2.3,1863.9,326.5,3,0,656,0,100,66.66666667,35.58897243,33.33333333,36.19047619,22.85714286,15.2,10.7,4,8.4,59.3,3,0,0,3,4,1,1,51,1,1,1,.444,8,37.56422539,10863.32,93.09980594,1,25,13,36,1,6,-9,2,2.6,2.7,0,3.5,91.1,3,21.80451128,6.2,1,38.44,69.5,9,48,.103,1,12.6984127,53.16,0,8.65,48.14814815,,44.75,0,30.4,54.8,14.2,15.67,,1.068,1.123,.032234,8.65454,11.21134021,10.07371007,4,30856,46,46,48,2,,59,-80,42.60651629,0,42025,9091,13.9,80,2,0,0,"SouthDakota",25,17.1,1,10.61,-4.4,57.61,68.22,61.53,3,3.7,2.7,10.2,6,6.5,5.5,5.2,51.9,57.7,68.2,63.8,59.4,44.7,59.9,35.8,35.3,3,84.6,17.1,20,20,20
2,23,7.9,23,.62,1,26.3,44.9,-4.8,17.7,22,2,8,131.5555556,67.90740741,295.6666667,32.09259259,83.1,39.04,0,5689283,6346105,63.46105,656822,11.5,0,42,51.00,7.9,75.9,50.3,19.3,3,59.42,25.00,"TN",-5.1,17.6,14.4,15.5,7,10,2,1.83,52,25.7,0,13,5.58,13,16.8,14,16.8,16.8,17.4,51.14915318,56.8,21.6,21,.62,1,9.4,37.7375,34.72,0,21.5,39.13466213,72.44444444,51.22,-8.7,1,720,1810,712.2,5.7,3060.6,608.4,6,3,598,22.22222222,55.55555556,45.45454545,34.53014184,52.27272727,46.96969697,26.51515152,22.7,153.9,6,22.2,16.5,11,0,0,11,4,1,1,45,1,1,1,.479,38,47.28489472,8258.96,52.83555819,2.5,23,16,33,2,7,-11,2.8,3.7,4.6,0,5.1,86.1,3,33.46631206,6.9,1,42.53,65.7,23,44,.136,5,17.11229947,56.85,0,0,43.75303841,.9527589358,41.79,0,33.8,107.5,12.5,15.39,27.5,1.549,1.404,.051982,66.5119,9.659567332,9.549322408,3,30005,58,49,40,3,47.51552795,73,-21,32.0035461,0,48217,9622,14.5,21,1,0,1,"Tennessee",6,14.4,0,5.42,1,49.04,54.46,60.72,11,5.1,4.8,10.3,6.7,5.3,5.1,5.7,63.6,49.9,56.3,57.3,52.2,29.8,51.2,28.1,24.12,1,77.7,15.9,18.2,18.2,15.9
1,14,8.5,25.5,1.41,2,23.2,40.5,-4.5,14.5,39,3,4,139.40625,65.5625,289.375,34.4375,79.9,41.37,0,20851820,25145561,251.45561,4293741,20.6,0,52,43.00,28.4,54.1,47,21.5,3,57.15,21.00,"TX",-5,28.8,17.3,16.5,7,10,2,2.29,47,28.4,0,14,5.57,10,12,8,11.7,11.9,12.6,59.29859947,61.09,18.5,16.2,1.41,3,5.61,39.7755,43.24,0,24.5,39.69080827,67.40625,63.09,-10,1,780,2480,627.8,4.4,3019.4,405.9,543,13,1372,28.125,34.375,32.35,35.81657281,44.19889503,47.51381215,37.01657459,36.5,96.3,7,9.4,14,34,0,0,38,4,1,1,51,1,1,1,.482,42,37.98195809,5711.27,38.81003092,3.2,30,22,27,2,9,-3,34.6,36.5,37.6,23,38.9,82.4,3,31.47224457,5.9,5,38.22,58.5,40,19,.234,3,17.84574021,55.39,0,7.25,42.46345152,2.153586416,43.63,0,32.4,57.6,9.9,11.73,32.3,2.427,,.053415,278.626,10.49868766,10.2322437,3,30222,65,56,45,3,44.4363104,64,-48,32.71118262,1,51890,10017,15.2,48,1,0,1,"Texas",11,12.6,0,3.97,1,47.81,51.78,52.23,36,6,4.6,17.1,5,4.7,5.1,4,82.5,49.2,53.7,54.7,49.7,28.3,51.6,28.2,22.99,3,74.9,19.9,23.8,21,20.4
2,24,9.1,28.5,1.7,2,31.8,46.9,-36.7,13.5,50,3,0,194,57.61111111,235.3333333,42.38888889,90.4,24.67,0,2233169,2763885,27.63885,530716,23.8,0,33,61.00,8.3,12.3,56,26.6,3,72.56,11.00,"UT",2.1,15.7,6.4,6.7,9,10,3,1.33,57,31.8,0,9,5.96,2,1.2,2,.9,1.3,1.6,66.83014295,71.54,14.2,12.4,.695,2,3.58,20.9792,27.46,0,26.2,39.10171731,80.33333333,74.67,-20.2,1,390,840,391.4,2.3,2878.5,215.6,7,0,1319,33.33333333,33.33333333,20,22.93814433,26.92307692,28.84615385,18.26923077,17.3,33.6,8,23.4,33.8,5,0,0,6,4,1,1,38,1,1,1,.425,1,26.34472218,8357.76,41.75282257,.8,26,6,43,1,4,-8.5,10.6,12,13,3,13.7,91.5,3,32.08762887,5,1,26,69,10,46,.115,12,15.05944518,62.25,0,7.25,45.83883752,4.651289516,34.22,0,24.5,70.4,8.7,10.28,36.4,1.642,1.716,.039596,30.5122,12.67206478,11.50506512,3,26606,33,40,47,4,33.33333333,64,-34,44.9742268,1,46887,6897,22.9,34,1,0,0,"Utah",3,21,0,.03,-5.6,53.34,53.37,45.54,6,5.3,3.1,10.5,5.8,5.8,6.9,4.7,88.2,53.8,58.9,53.3,55.4,30.3,57.7,80.8,43.23,4,87.2,17.3,22.1,17.3,20.2
3,47,13.3,33.1,2.62,3,1.8,26.8,16.9,12.9,27,2,6,319,25,111,75,91,66.57,1,608827,625741,6.25741,16914,2.8,3,70,25.00,25.2,40.6,19.1,57.1,1,30.97,18.00,"VT",-6.3,9.2,11.7,12.5,0,0,1,2.69,23,36.9,0,47,4.13,1,1.3,1,.6,.9,1.5,40.6971608,38.8,12.7,10.9,1.79,3,7.61,86.7138,56.68,3,32,22.37762238,8,0,13.4,3,280,1280,324.6,1.6,1524.4,99.3,0,0,986,100,100,100,32.66666667,64.44444444,65.55555556,65.55555556,58.3,67.9,1,16.7,54.3,0,3,3,0,1,0,0,65,3,0,0,.445,9,50.63470922,5514.58,87.41635916,.3,7,22,27,2,9,-22.5,1,1.4,1.5,1,1.7,91.7,3,44.66666667,4.5,1,58.94,73.8,2,33,.178,16,30.06993007,30.45,1,10,47.55244755,6.922679642,67.46,1,25.1,58.6,13,17.58,,1.451,1.286,.038558,6.24594,9.951845907,10.38338658,2,32770,32,36,55,1,,61,-180,22.66666667,0,58901,21462,11.7,180,3,1,0,"Vermont",21,19.1,0,1.23,.4,64.83,66.06,30.27,0,3.7,3.2,3.8,9.8,10.4,12.3,11.5,38.2,64.1,66.3,66.7,60.4,40.8,64.8,39.2,33.07,5,94.7,37.8,37.2,38.3,39.4
1,10,14.1,34,.3,1,18.4,37,-1.4,22.8,19,2,12,183,57.65151515,246.2727273,42.34848485,86.6,51.16,1,7078515,8001024,80.01024,922509,13,0,54,39.00,14.4,62.6,41.1,26.9,2,47.28,19.00,"VA",-1.3,14.7,16.5,17.6,9,10,3,2.13,41,37,0,33,4.9,12,19.2,11,19.9,19.9,20.7,52.47372919,53.68,13.2,13.9,.3,1,10.1,46.4491,49.73,13,32.2,33.93822394,64.36363636,48.73,-1.7,2,680,1360,277.7,4.1,1930.3,196.2,113,1,4425,27.27272727,54.54545455,23.07692308,33.40707965,40.71428571,47.14285714,36.42857143,37.9,202.6,5,12.4,21.9,0,13,13,0,4,1,1,55,2,1,1,.468,28,44.43561054,5608.71,52.65576006,3.1,18,35,14,3,18,-17,5.7,6.8,7.9,1,9,88.9,3,34.14454277,6,3,45.48,68.3,11,32,.178,10,19.26640927,46.33,0,7.25,46.7953668,2.168247825,52.63,1,29.2,63.4,11.4,14.16,42.9,1.603,1.754,.054291,84.1181,9.885027091,10.02374703,3,35477,43,51,70,3,36.96407879,34,-75,32.44837758,1,50834,11992,12.6,75,2,0,1,"Virginia",2,13.4,0,4.42,7.1,53.93,58.35,44.41,0,3.9,4.2,9.1,5.3,3.7,4.7,4.3,73,54,60.6,67.7,66.4,36.8,66.1,42.3,30.62,1,68.2,17.1,19.3,19.3,19.3
3,50,11.1,31,3.025,3,4.6,34.3,9.8,19,15,1,15,241.8888889,43.98148148,187.2222222,56.01851852,89.7,55.81,1,5894121,6724540,67.2454,830419,14.1,4,63,32.00,17.1,45.7,30.5,44.4,1,41.03,19.00,"WA",-2.9,16.9,17.5,18.3,2,3,1,2.34,33,34.2,0,17,5.38,1,3.7,2,3.5,3.7,4.8,44.57864795,45.64,12.5,9.9,2.025,3,4.15,52.974,52.54,8,30.2,31.29736959,36.11111111,29.33,5,3,410,1810,783,2.5,3706.1,285.2,5,1,1256,55.55555556,66.66666667,72.72727273,31.81225554,64.62585034,64.62585034,55.10204082,51,101.2,9,14.7,30.2,0,11,12,0,2,0,0,62,3,0,0,.456,18,50.15821532,7721.11,40.79089425,1.4,40,35,14,3,18,33,8.5,9.8,11.2,1,12.4,90.8,3,38.63537592,4.5,4,52.82,63.8,29,11,.272,18,22.0240749,40.26,1,11,46.67855551,4.140895453,57.34,1,26.4,64.9,11.3,14.46,58.5,2.27,2.194,.059037,72.88,10.09860051,9.665427509,1,35299,47,45,60,4,25.19083969,45,-138,29.55236854,0,53738,10895,18.7,138,3,0,0,"Washington",8,15.7,0,1.03,.1,60.37,61.4,36.83,0,6.2,5.3,6.6,19.3,20.2,20.2,17.4,82,60.7,66.9,67,64.1,43.1,65.7,36,30.63,4,76.9,32.7,32.7,32,36.7
2,33,6.7,17.3,.55,1,25.2,41.6,2.7,20.8,39,3,4,226,49.55555556,203,50.44444444,82.8,35.53,0,1808344,1852994,18.52994,44650,2.5,1,39,53.00,8.7,72.4,41.9,26.2,2,62.27,25.00,"WV",-4.3,19,6.7,6.6,4,4,1,1.79,43,19.6,1,18,5.32,2,3.9,0,3.2,3.6,4.2,51.91521993,56.06,23,23.6,.55,1,12.42,48.2033,26.43,0,17,35.27777778,58,30,-7.9,1,550,1090,484.9,4,2034.7,302,0,0,282,33.33333333,66.66666667,80,47.46192893,70.89552239,73.88059701,58.95522388,35.8,77.1,5,41.5,105.8,5,0,0,5,4,1,1,52,2,1,1,.458,19,45.59266437,12173.81,76.79463614,1.5,35,6,43,1,4,6,.8,1.1,1.2,0,1.4,86,4,23.60406091,7.3,4,43.2,46.3,50,38,.157,4,17.77777778,55.6,1,8.75,46.94444444,1.647832822,42.51,0,35.6,96,15.3,18.24,38.1,1.11,.842,.037368,18.311,9.521188773,9.120345386,2,25872,63,43,53,3,32.19512195,45,-61,28.93401015,0,45622,13416,14.4,61,1,1,1,"WestVirginia",19,18.9,0,6.06,-3.5,46.26,52.32,68.5,5,5.3,6,6,14.2,13.3,13.9,11.8,46.1,46.6,54.1,50.6,46.3,32,50.1,26.4,22.06,5,93.4,14.2,16.4,17.9,13.4
2,21,8.4,25.7,2.52,3,18.5,39.4,4.1,13.9,41,3,3,223,49.875,205.25,50.125,89.8,52.83,1,5363675,5686986,56.86986,323311,6,0,57,39.00,30.7,47.6,36.7,34.4,2,45.89,20.00,"WI",0,11.8,8.5,7.4,9,8,3,2.96,33,28.4,1,39,4.57,5,6.3,6,5.9,6.1,7.1,47.61316351,49.32,16,14.2,.77,2,7.62,47.898,46.45,0,23.8,32.74500697,49,36.5,2.4,2,610,1740,368.5,2.9,2088.3,290.3,0,0,330,37.5,62.5,60,35.472044,49.24242424,53.03030303,40.90909091,36.4,105,3,15.5,14.5,0,10,10,0,2,0,0,57,2,0,0,.441,7,47.83281966,8253.49,52.57618007,1.7,20,28,21,2,12,-15,4.3,5.1,5.9,2,6.6,91.4,3,35.65536205,6,4,49.7,66.6,20,26,.204,5,17.83557826,42.31,0,7.25,49.41941477,3.620016416,56.22,1,30.7,62.2,13,15.61,35.3,1.95,1.908,.043874,57.7871,10.38656069,9.653595921,3,32157,34,38,35,2,33.56890459,69,-142,28.87259395,0,54115,12413,15.2,142,3,0,0,"Wisconsin",5,13.3,0,7.38,-2.3,66.31,73.69,47.22,10,5,4.1,5.7,16,14.3,15.2,8.1,68.3,67.6,74.8,72.5,72.5,56.9,69.4,37.2,35.34,1,86,22.7,22,25,23.5
2,34,7.9,23.8,.6,1,35.3,51.4,-30,17.6,39,3,4,126,73.5,303,26.5,91.8,27.82,0,493782,563626,5.63626,69844,14.1,0,57,39.00,13.9,48.7,32.8,40.5,1,68.64,21.00,"WY",-6.5,21.3,.7,.9,5,6,1,2.77,31,26.2,0,1,7.76,1,.8,0,.9,1.3,1.3,67.75650215,68.86,31.5,25.3,.6,1,8.05,23.9944,21.63,0,23.7,34.19689119,91,100,-19.7,1,670,1680,289.1,2.7,1964.7,195.5,1,0,747,0,0,0,25.24271845,26.66666667,27.77777778,13.33333333,13.3,5.8,8,16.4,23.8,3,0,0,3,4,1,1,51,1,1,1,.437,5,27.69898008,11240.79,144.4220103,.9,3,22,27,2,9,-28,6.7,7.7,8.9,2,9.9,92.2,3,32.52427184,5.5,1,29.07,69.7,8,49,.081,2,18.13471503,64.78,0,5.15,47.66839378,2.118149218,32.54,0,29,71.1,12.1,14.08,39.3,1.352,1.248,.030967,5.85501,11.19842829,9.929078014,3,34306,52,42,48,4,24.89626556,54,-126,42.23300971,1,58140,18437,12.5,126,2,1,0,"Wyoming",40,20.8,0,3.47,-.3,60.32,63.79,67.4,3,3.8,4.9,11.5,8,7.9,7.7,6.3,65.1,59.2,65.7,65.4,58.9,39.7,60.4,35.9,29.08,5,91.5,23.3,16.7,14.4,11.1
